model,race_adj,All,Non-Hispanic white,Non-Hispanic black,Mexican American,Other
_linreg,False,"{'mae': 0.7383041057347809, 'mse': 0.8955394995104481, 'r2': 0.9653945427005576, 'n': 7873}","{'mae': 0.681123761276811, 'mse': 0.7526836198905822, 'r2': 0.971251376287165, 'n': 5140}","{'mae': 0.8576057075584638, 'mse': 1.1998002158133734, 'r2': 0.9521205570514641, 'n': 2450}","{'mae': 0.7474096766595386, 'mse': 0.8613410478843245, 'r2': 0.9653263455712073, 'n': 281}","{'mae': 0.26799441377765376, 'mse': 0.12065510495240915, 'r2': 0.9980732692876143, 'n': 2}"
_linreg,True,"{'mae': 0.7466155626428793, 'mse': 0.9056750815487945, 'r2': 0.9650028833135348, 'n': 7873}","{'mae': 0.7046971003375179, 'mse': 0.796768794568339, 'r2': 0.9695675504875418, 'n': 5140}","{'mae': 0.8339088877499703, 'mse': 1.13829059050281, 'r2': 0.9545751712089107, 'n': 2450}","{'mae': 0.7544147919242328, 'mse': 0.874408494946542, 'r2': 0.9648003098681431, 'n': 281}","{'mae': 0.4469487172049984, 'mse': 0.23378957026640843, 'r2': 0.9962666350052455, 'n': 2}"
_xgboost,False,"{'mae': 0.6853510584112297, 'mse': 0.8106524871057463, 'r2': 0.9686747485258216, 'n': 7873}","{'mae': 0.6611603170352989, 'mse': 0.7626172628058744, 'r2': 0.9708719624740798, 'n': 5140}","{'mae': 0.7371995376594279, 'mse': 0.9153808195587656, 'r2': 0.963470648572491, 'n': 2450}","{'mae': 0.6741438580871428, 'mse': 0.7757986083658659, 'r2': 0.9687698932741112, 'n': 281}","{'mae': 0.9157809610441934, 'mse': 0.8659416457816742, 'r2': 0.9861718543552758, 'n': 2}"
_xgboost,True,"{'mae': 0.6095630906871146, 'mse': 0.66211663387425, 'r2': 0.9744144742768897, 'n': 7873}","{'mae': 0.5926990488054061, 'mse': 0.6393807446010195, 'r2': 0.9755789604688898, 'n': 5140}","{'mae': 0.6427405754002308, 'mse': 0.7076400479582562, 'r2': 0.9717607891232563, 'n': 2450}","{'mae': 0.6264512333608174, 'mse': 0.6792893579167731, 'r2': 0.9726549146689154, 'n': 281}","{'mae': 0.9349479074553262, 'mse': 0.9144020851948501, 'r2': 0.9853979938792528, 'n': 2}"
